timestamp,pm2.5,pm2.5_L1,exceeds_epa
2025-12-01 04:00:00+03:00,18.82,24.14490566037736,False
2025-12-01 05:00:00+03:00,28.5625,18.82,False
2025-12-01 06:00:00+03:00,34.90238095238095,28.5625,False
2025-12-01 07:00:00+03:00,32.24038461538461,34.90238095238095,False
2025-12-01 08:00:00+03:00,24.07857142857143,32.24038461538461,False
2025-12-01 09:00:00+03:00,24.44725,24.07857142857143,False
2025-12-01 10:00:00+03:00,19.51794871794872,24.44725,False
2025-12-01 11:00:00+03:00,17.31878048780488,19.51794871794872,False
2025-12-01 12:00:00+03:00,17.003947368421052,17.31878048780488,False
2025-12-01 13:00:00+03:00,15.92529411764706,17.003947368421052,False
2025-12-01 14:00:00+03:00,14.95840909090909,15.92529411764706,False
2025-12-01 15:00:00+03:00,15.343589743589742,14.95840909090909,False
2025-12-01 16:00:00+03:00,16.70878048780488,15.343589743589742,False
2025-12-01 17:00:00+03:00,20.63025641025641,16.70878048780488,False
2025-12-01 18:00:00+03:00,20.84872340425532,20.63025641025641,False
2025-12-01 19:00:00+03:00,21.895000000000003,20.84872340425532,False
2025-12-01 20:00:00+03:00,31.455624999999998,21.895000000000003,False
2025-12-01 21:00:00+03:00,28.860444444444447,31.455624999999998,False
2025-12-01 22:00:00+03:00,31.270652173913046,28.860444444444447,False
2025-12-01 23:00:00+03:00,33.658846153846156,31.270652173913046,False
2025-12-02 00:00:00+03:00,32.50818181818182,33.658846153846156,False
2025-12-02 01:00:00+03:00,28.821627906976744,32.50818181818182,False
2025-12-02 02:00:00+03:00,23.784130434782607,28.821627906976744,False
2025-12-02 03:00:00+03:00,24.546938775510203,23.784130434782607,False
2025-12-02 04:00:00+03:00,25.14818181818182,24.546938775510203,False
2025-12-02 05:00:00+03:00,24.56581395348837,25.14818181818182,False
2025-12-02 06:00:00+03:00,37.082,24.56581395348837,True
2025-12-02 07:00:00+03:00,34.86959183673469,37.082,False
2025-12-02 08:00:00+03:00,27.329250000000002,34.86959183673469,False
2025-12-02 09:00:00+03:00,29.191212121212118,27.329250000000002,False
2025-12-02 10:00:00+03:00,29.744137931034484,29.191212121212118,False
2025-12-02 11:00:00+03:00,26.37611111111111,29.744137931034484,False
2025-12-02 12:00:00+03:00,24.854193548387098,26.37611111111111,False
2025-12-02 13:00:00+03:00,19.450769230769232,24.854193548387098,False
2025-12-02 14:00:00+03:00,16.0865625,19.450769230769232,False
2025-12-02 15:00:00+03:00,17.780416666666667,16.0865625,False
2025-12-02 16:00:00+03:00,21.45793103448276,17.780416666666667,False
2025-12-02 17:00:00+03:00,20.62871794871795,21.45793103448276,False
2025-12-02 18:00:00+03:00,21.147021276595744,20.62871794871795,False
2025-12-02 19:00:00+03:00,24.865178571428572,21.147021276595744,False
2025-12-02 20:00:00+03:00,28.158749999999998,24.865178571428572,False
2025-12-02 21:00:00+03:00,22.91577777777778,28.158749999999998,False
2025-12-02 22:00:00+03:00,21.67108695652174,22.91577777777778,False
2025-12-02 23:00:00+03:00,23.335094339622643,21.67108695652174,False
2025-12-03 00:00:00+03:00,21.611923076923077,23.335094339622643,False
2025-12-03 01:00:00+03:00,23.00269230769231,21.611923076923077,False
2025-12-03 02:00:00+03:00,23.0408,23.00269230769231,False
2025-12-03 03:00:00+03:00,23.117391304347827,23.0408,False
2025-12-03 04:00:00+03:00,19.142857142857142,23.117391304347827,False
2025-12-03 05:00:00+03:00,24.0,19.142857142857142,False
2025-12-03 06:00:00+03:00,26.8,24.0,False
2025-12-03 07:00:00+03:00,26.8,26.8,False
2025-12-03 08:00:00+03:00,22.666666666666668,26.8,False
2025-12-03 09:00:00+03:00,30.688076923076924,22.666666666666668,False
2025-12-03 10:00:00+03:00,25.325555555555557,30.688076923076924,False
2025-12-03 11:00:00+03:00,21.301489361702128,25.325555555555557,False
2025-12-03 12:00:00+03:00,21.899333333333335,21.301489361702128,False
2025-12-03 13:00:00+03:00,19.635416666666668,21.899333333333335,False
2025-12-03 14:00:00+03:00,15.933157894736842,19.635416666666668,False
2025-12-03 15:00:00+03:00,18.947560975609758,15.933157894736842,False
2025-12-03 16:00:00+03:00,19.98,18.947560975609758,False
2025-12-03 17:00:00+03:00,22.83782608695652,19.98,False
2025-12-03 18:00:00+03:00,22.033076923076923,22.83782608695652,False
2025-12-03 19:00:00+03:00,22.595714285714283,22.033076923076923,False
2025-12-03 20:00:00+03:00,27.272307692307688,22.595714285714283,False
2025-12-03 21:00:00+03:00,23.933333333333334,27.272307692307688,False
2025-12-03 22:00:00+03:00,24.527659574468085,23.933333333333334,False
2025-12-03 23:00:00+03:00,21.755945945945946,24.527659574468085,False
2025-12-04 00:00:00+03:00,23.479285714285716,21.755945945945946,False
2025-12-04 01:00:00+03:00,23.56380952380952,23.479285714285716,False
2025-12-04 02:00:00+03:00,24.926190476190477,23.56380952380952,False
2025-12-04 03:00:00+03:00,26.14195652173913,24.926190476190477,False
2025-12-04 04:00:00+03:00,25.40833333333333,26.14195652173913,False
2025-12-04 05:00:00+03:00,28.124200000000002,25.40833333333333,False
2025-12-04 06:00:00+03:00,39.664054054054056,28.124200000000002,True
2025-12-04 07:00:00+03:00,38.070689655172416,39.664054054054056,True
2025-12-04 08:00:00+03:00,27.702499999999997,38.070689655172416,False
2025-12-04 09:00:00+03:00,25.2203125,27.702499999999997,False
2025-12-04 10:00:00+03:00,23.028157894736843,25.2203125,False
2025-12-04 11:00:00+03:00,22.33214285714286,23.028157894736843,False
2025-12-04 12:00:00+03:00,18.34638888888889,22.33214285714286,False
2025-12-04 13:00:00+03:00,19.73604166666667,18.34638888888889,False
2025-12-04 14:00:00+03:00,16.0,19.73604166666667,False
2025-12-04 15:00:00+03:00,14.959444444444443,16.0,False
2025-12-04 16:00:00+03:00,18.8325,14.959444444444443,False
2025-12-04 17:00:00+03:00,25.65625,18.8325,False
2025-12-04 18:00:00+03:00,20.570714285714285,25.65625,False
2025-12-04 19:00:00+03:00,26.54690909090909,20.570714285714285,False
2025-12-04 20:00:00+03:00,26.816521739130433,26.54690909090909,False
2025-12-04 21:00:00+03:00,23.934146341463414,26.816521739130433,False
2025-12-04 22:00:00+03:00,25.74727272727273,23.934146341463414,False
2025-12-04 23:00:00+03:00,22.075581395348838,25.74727272727273,False
2025-12-05 00:00:00+03:00,21.704878048780486,22.075581395348838,False
2025-12-05 01:00:00+03:00,24.14188679245283,21.704878048780486,False
2025-12-05 02:00:00+03:00,23.440243902439022,24.14188679245283,False
2025-12-05 03:00:00+03:00,25.192545454545453,23.440243902439022,False
2025-12-05 04:00:00+03:00,20.814814814814813,25.192545454545453,False
2025-12-05 05:00:00+03:00,23.761904761904763,20.814814814814813,False
2025-12-05 06:00:00+03:00,23.875,23.761904761904763,False
2025-12-05 07:00:00+03:00,23.0,23.875,False
2025-12-05 08:00:00+03:00,20.625,23.0,False
2025-12-05 09:00:00+03:00,26.732592592592592,20.625,False
2025-12-05 10:00:00+03:00,21.528125,26.732592592592592,False
2025-12-05 11:00:00+03:00,21.519354838709678,21.528125,False
2025-12-05 12:00:00+03:00,27.68888888888889,21.519354838709678,False
2025-12-05 13:00:00+03:00,21.317272727272726,27.68888888888889,False
2025-12-05 14:00:00+03:00,18.039615384615384,21.317272727272726,False
2025-12-05 15:00:00+03:00,18.162758620689655,18.039615384615384,False
2025-12-05 16:00:00+03:00,22.516451612903225,18.162758620689655,False
2025-12-05 17:00:00+03:00,27.126666666666665,22.516451612903225,False
2025-12-05 18:00:00+03:00,19.110882352941175,27.126666666666665,False
2025-12-05 19:00:00+03:00,22.339772727272727,19.110882352941175,False
2025-12-05 20:00:00+03:00,22.627755102040815,22.339772727272727,False
2025-12-05 21:00:00+03:00,26.97037037037037,22.627755102040815,False
2025-12-05 22:00:00+03:00,32.6995652173913,26.97037037037037,False
2025-12-05 23:00:00+03:00,32.88962962962963,32.6995652173913,False
2025-12-06 00:00:00+03:00,28.300666666666665,32.88962962962963,False
2025-12-06 01:00:00+03:00,28.84155555555555,28.300666666666665,False
2025-12-06 02:00:00+03:00,28.201521739130435,28.84155555555555,False
2025-12-06 03:00:00+03:00,29.955098039215688,28.201521739130435,False
2025-12-06 04:00:00+03:00,29.90909090909091,29.955098039215688,False
2025-12-06 05:00:00+03:00,31.566666666666666,29.90909090909091,False
2025-12-06 06:00:00+03:00,33.592666666666666,31.566666666666666,False
2025-12-06 07:00:00+03:00,38.88625,33.592666666666666,True
2025-12-06 08:00:00+03:00,33.00111111111111,38.88625,False
2025-12-06 09:00:00+03:00,28.415,33.00111111111111,False
2025-12-06 10:00:00+03:00,22.28333333333333,28.415,False
2025-12-06 11:00:00+03:00,16.587692307692308,22.28333333333333,False
2025-12-06 12:00:00+03:00,15.713243243243243,16.587692307692308,False
2025-12-06 13:00:00+03:00,14.080227272727273,15.713243243243243,False
2025-12-06 14:00:00+03:00,14.551304347826088,14.080227272727273,False
2025-12-06 15:00:00+03:00,14.632857142857144,14.551304347826088,False
2025-12-06 16:00:00+03:00,20.508846153846154,14.632857142857144,False
2025-12-06 17:00:00+03:00,24.668260869565216,20.508846153846154,False
2025-12-06 18:00:00+03:00,21.048936170212766,24.668260869565216,False
2025-12-06 19:00:00+03:00,26.33125,21.048936170212766,False
2025-12-06 20:00:00+03:00,31.266590909090908,26.33125,False
2025-12-06 21:00:00+03:00,30.69782608695652,31.266590909090908,False
2025-12-06 22:00:00+03:00,34.579795918367346,30.69782608695652,False
2025-12-06 23:00:00+03:00,35.64111111111111,34.579795918367346,True
2025-12-07 00:00:00+03:00,33.980232558139534,35.64111111111111,False
2025-12-07 01:00:00+03:00,31.55468085106383,33.980232558139534,False
2025-12-07 02:00:00+03:00,27.555833333333336,31.55468085106383,False
2025-12-07 03:00:00+03:00,29.136046511627907,27.555833333333336,False
2025-12-07 04:00:00+03:00,25.79047619047619,29.136046511627907,False
2025-12-07 05:00:00+03:00,20.6875,25.79047619047619,False
2025-12-07 06:00:00+03:00,24.7,20.6875,False
2025-12-07 07:00:00+03:00,14.0,24.7,False
2025-12-07 08:00:00+03:00,21.0875,14.0,False
2025-12-07 09:00:00+03:00,16.58388888888889,21.0875,False
2025-12-07 10:00:00+03:00,19.041428571428572,16.58388888888889,False
2025-12-07 11:00:00+03:00,16.287741935483872,19.041428571428572,False
2025-12-07 12:00:00+03:00,12.30452380952381,16.287741935483872,False
2025-12-07 13:00:00+03:00,11.3540625,12.30452380952381,False
2025-12-07 14:00:00+03:00,7.845897435897436,11.3540625,False
2025-12-07 15:00:00+03:00,7.22875,7.845897435897436,False
2025-12-07 16:00:00+03:00,10.52232558139535,7.22875,False
2025-12-07 17:00:00+03:00,18.05717948717949,10.52232558139535,False
2025-12-07 18:00:00+03:00,12.9168,18.05717948717949,False
2025-12-07 19:00:00+03:00,17.137272727272727,12.9168,False
2025-12-07 20:00:00+03:00,26.102857142857143,17.137272727272727,False
2025-12-07 21:00:00+03:00,23.69705882352941,26.102857142857143,False
2025-12-07 22:00:00+03:00,23.873863636363637,23.69705882352941,False
2025-12-07 23:00:00+03:00,22.417708333333334,23.873863636363637,False
2025-12-08 00:00:00+03:00,17.597073170731708,22.417708333333334,False
2025-12-08 01:00:00+03:00,21.295,17.597073170731708,False
2025-12-08 02:00:00+03:00,23.924583333333334,21.295,False
2025-12-08 03:00:00+03:00,24.80931818181818,23.924583333333334,False
2025-12-08 04:00:00+03:00,25.866274509803922,24.80931818181818,False
2025-12-08 05:00:00+03:00,24.917346938775513,25.866274509803922,False
2025-12-08 06:00:00+03:00,28.511111111111113,24.917346938775513,False
2025-12-08 07:00:00+03:00,30.755,28.511111111111113,False
2025-12-08 08:00:00+03:00,23.700526315789475,30.755,False
2025-12-08 09:00:00+03:00,22.652380952380952,23.700526315789475,False
2025-12-08 10:00:00+03:00,16.3774358974359,22.652380952380952,False
2025-12-08 11:00:00+03:00,16.881944444444443,16.3774358974359,False
2025-12-08 12:00:00+03:00,16.014444444444443,16.881944444444443,False
2025-12-08 13:00:00+03:00,12.75156862745098,16.014444444444443,False
2025-12-08 14:00:00+03:00,11.886428571428572,12.75156862745098,False
2025-12-08 15:00:00+03:00,13.317073170731707,11.886428571428572,False
2025-12-08 16:00:00+03:00,13.767142857142858,13.317073170731707,False
2025-12-08 17:00:00+03:00,18.560499999999998,13.767142857142858,False
2025-12-08 18:00:00+03:00,18.063877551020408,18.560499999999998,False
2025-12-08 19:00:00+03:00,20.7765625,18.063877551020408,False
2025-12-08 20:00:00+03:00,25.391136363636363,20.7765625,False
2025-12-08 21:00:00+03:00,23.89078947368421,25.391136363636363,False
2025-12-08 22:00:00+03:00,29.00822222222222,23.89078947368421,False
2025-12-08 23:00:00+03:00,31.514375,29.00822222222222,False
2025-12-09 00:00:00+03:00,27.821428571428573,31.514375,False
2025-12-09 01:00:00+03:00,19.393589743589743,27.821428571428573,False
2025-12-09 02:00:00+03:00,17.56840909090909,19.393589743589743,False
2025-12-09 03:00:00+03:00,16.650425531914895,17.56840909090909,False
2025-12-09 04:00:00+03:00,11.0,16.650425531914895,False
2025-12-09 05:00:00+03:00,14.235294117647058,11.0,False
2025-12-09 06:00:00+03:00,17.5,14.235294117647058,False
2025-12-09 07:00:00+03:00,26.641111111111112,17.5,False
2025-12-09 08:00:00+03:00,24.376060606060605,26.641111111111112,False
2025-12-09 09:00:00+03:00,29.56780487804878,24.376060606060605,False
2025-12-09 10:00:00+03:00,25.939772727272725,29.56780487804878,False
2025-12-09 11:00:00+03:00,14.62825,25.939772727272725,False
2025-12-09 12:00:00+03:00,16.572307692307692,14.62825,False
2025-12-09 13:00:00+03:00,17.546875,16.572307692307692,False
2025-12-09 14:00:00+03:00,14.93,17.546875,False
2025-12-09 15:00:00+03:00,15.245000000000001,14.93,False
2025-12-09 16:00:00+03:00,17.4048,15.245000000000001,False
2025-12-09 17:00:00+03:00,18.832333333333334,17.4048,False
2025-12-09 18:00:00+03:00,17.613695652173913,18.832333333333334,False
2025-12-09 19:00:00+03:00,16.884067796610168,17.613695652173913,False
2025-12-09 20:00:00+03:00,25.7675,16.884067796610168,False
2025-12-09 21:00:00+03:00,28.6146511627907,25.7675,False
2025-12-09 22:00:00+03:00,27.99744680851064,28.6146511627907,False
2025-12-09 23:00:00+03:00,25.09285714285714,27.99744680851064,False
2025-12-10 00:00:00+03:00,24.014565217391304,25.09285714285714,False
2025-12-10 01:00:00+03:00,22.43675,24.014565217391304,False
2025-12-10 02:00:00+03:00,22.534545454545455,22.43675,False
2025-12-10 03:00:00+03:00,23.666590909090907,22.534545454545455,False
2025-12-10 04:00:00+03:00,20.649347826086956,23.666590909090907,False
2025-12-10 05:00:00+03:00,24.58951219512195,20.649347826086956,False
2025-12-10 06:00:00+03:00,32.49434782608696,24.58951219512195,False
2025-12-10 07:00:00+03:00,24.124642857142856,32.49434782608696,False
2025-12-10 08:00:00+03:00,22.57761904761905,24.124642857142856,False
2025-12-10 09:00:00+03:00,29.717333333333332,22.57761904761905,False
2025-12-10 10:00:00+03:00,30.145,29.717333333333332,False
2025-12-10 11:00:00+03:00,27.77392857142857,30.145,False
2025-12-10 12:00:00+03:00,21.026896551724136,27.77392857142857,False
2025-12-10 13:00:00+03:00,16.872307692307693,21.026896551724136,False
2025-12-10 14:00:00+03:00,13.229166666666666,16.872307692307693,False
2025-12-10 15:00:00+03:00,16.51516129032258,13.229166666666666,False
2025-12-10 16:00:00+03:00,18.61090909090909,16.51516129032258,False
2025-12-10 17:00:00+03:00,21.575333333333333,18.61090909090909,False
2025-12-10 18:00:00+03:00,17.351764705882353,21.575333333333333,False
2025-12-10 19:00:00+03:00,22.055283018867925,17.351764705882353,False
2025-12-10 20:00:00+03:00,23.88,22.055283018867925,False
2025-12-10 21:00:00+03:00,28.561886792452828,23.88,False
2025-12-10 22:00:00+03:00,27.529591836734696,28.561886792452828,False
2025-12-10 23:00:00+03:00,26.700000000000003,27.529591836734696,False
2025-12-11 00:00:00+03:00,23.615714285714287,26.700000000000003,False
2025-12-11 01:00:00+03:00,23.361428571428572,23.615714285714287,False
2025-12-11 02:00:00+03:00,21.574583333333333,23.361428571428572,False
2025-12-11 03:00:00+03:00,23.38,21.574583333333333,False
2025-12-11 04:00:00+03:00,22.09,23.38,False
2025-12-11 05:00:00+03:00,26.377173913043475,22.09,False
2025-12-11 06:00:00+03:00,30.460222222222225,26.377173913043475,False
2025-12-11 07:00:00+03:00,34.914545454545454,30.460222222222225,False
2025-12-11 08:00:00+03:00,30.569787234042554,34.914545454545454,False
2025-12-11 09:00:00+03:00,29.544318181818184,30.569787234042554,False
2025-12-11 10:00:00+03:00,26.07943396226415,29.544318181818184,False
2025-12-11 11:00:00+03:00,19.176415094339625,26.07943396226415,False
2025-12-11 12:00:00+03:00,20.004444444444445,19.176415094339625,False
2025-12-11 13:00:00+03:00,16.084693877551018,20.004444444444445,False
2025-12-11 14:00:00+03:00,16.7025,16.084693877551018,False
2025-12-11 15:00:00+03:00,16.438823529411764,16.7025,False
2025-12-11 16:00:00+03:00,20.9978125,16.438823529411764,False
2025-12-11 17:00:00+03:00,23.563823529411764,20.9978125,False
2025-12-11 18:00:00+03:00,21.03302325581395,23.563823529411764,False
2025-12-11 19:00:00+03:00,24.020588235294117,21.03302325581395,False
2025-12-11 20:00:00+03:00,25.161702127659574,24.020588235294117,False
2025-12-11 21:00:00+03:00,26.32297872340426,25.161702127659574,False
2025-12-11 22:00:00+03:00,26.602264150943398,26.32297872340426,False
2025-12-11 23:00:00+03:00,22.095581395348837,26.602264150943398,False
2025-12-12 00:00:00+03:00,22.1734693877551,22.095581395348837,False
2025-12-12 01:00:00+03:00,19.717058823529413,22.1734693877551,False
2025-12-12 02:00:00+03:00,21.136999999999997,19.717058823529413,False
2025-12-12 03:00:00+03:00,21.698297872340426,21.136999999999997,False
2025-12-12 04:00:00+03:00,23.53,21.698297872340426,False
2025-12-12 05:00:00+03:00,23.23804347826087,23.53,False
2025-12-12 06:00:00+03:00,29.983749999999997,23.23804347826087,False
2025-12-12 07:00:00+03:00,34.25387096774194,29.983749999999997,False
2025-12-12 08:00:00+03:00,26.271666666666665,34.25387096774194,False
2025-12-12 09:00:00+03:00,21.159782608695654,26.271666666666665,False
2025-12-12 10:00:00+03:00,17.344181818181816,21.159782608695654,False
2025-12-12 11:00:00+03:00,17.989122807017544,17.344181818181816,False
2025-12-12 12:00:00+03:00,19.164782608695653,17.989122807017544,False
2025-12-12 13:00:00+03:00,15.34764705882353,19.164782608695653,False
2025-12-12 14:00:00+03:00,14.499056603773585,15.34764705882353,False
2025-12-12 15:00:00+03:00,16.070434782608697,14.499056603773585,False
2025-12-12 16:00:00+03:00,20.067297297297298,16.070434782608697,False
2025-12-12 17:00:00+03:00,20.459999999999997,20.067297297297298,False
2025-12-12 18:00:00+03:00,19.81320754716981,20.459999999999997,False
2025-12-12 19:00:00+03:00,20.109122807017545,19.81320754716981,False
2025-12-12 20:00:00+03:00,28.000999999999998,20.109122807017545,False
2025-12-12 21:00:00+03:00,26.234444444444442,28.000999999999998,False
2025-12-12 22:00:00+03:00,18.017500000000002,26.234444444444442,False
2025-12-12 23:00:00+03:00,13.34686274509804,18.017500000000002,False
2025-12-13 00:00:00+03:00,12.14304347826087,13.34686274509804,False
2025-12-13 01:00:00+03:00,13.089795918367347,12.14304347826087,False
2025-12-13 02:00:00+03:00,10.7524,13.089795918367347,False
2025-12-13 03:00:00+03:00,5.954807692307692,10.7524,False
2025-12-13 04:00:00+03:00,6.573888888888889,5.954807692307692,False
2025-12-13 05:00:00+03:00,11.142857142857142,6.573888888888889,False
2025-12-13 06:00:00+03:00,16.666666666666668,11.142857142857142,False
2025-12-13 07:00:00+03:00,16.5,16.666666666666668,False
2025-12-13 08:00:00+03:00,12.166666666666666,16.5,False
2025-12-13 09:00:00+03:00,25.4,12.166666666666666,False
2025-12-13 10:00:00+03:00,20.402307692307694,25.4,False
2025-12-13 11:00:00+03:00,22.85978260869565,20.402307692307694,False
2025-12-13 12:00:00+03:00,23.277800000000003,22.85978260869565,False
2025-12-13 13:00:00+03:00,18.00813953488372,23.277800000000003,False
2025-12-13 14:00:00+03:00,19.947777777777777,18.00813953488372,False
2025-12-13 15:00:00+03:00,19.982000000000003,19.947777777777777,False
2025-12-13 16:00:00+03:00,22.184838709677418,19.982000000000003,False
2025-12-13 17:00:00+03:00,26.406969696969696,22.184838709677418,False
2025-12-13 18:00:00+03:00,22.23387755102041,26.406969696969696,False
2025-12-13 19:00:00+03:00,23.84392857142857,22.23387755102041,False
2025-12-13 20:00:00+03:00,31.274583333333336,23.84392857142857,False
2025-12-13 21:00:00+03:00,31.876470588235296,31.274583333333336,False
2025-12-13 22:00:00+03:00,26.849230769230772,31.876470588235296,False
2025-12-13 23:00:00+03:00,21.227954545454544,26.849230769230772,False
2025-12-14 00:00:00+03:00,13.680434782608694,21.227954545454544,False
2025-12-14 01:00:00+03:00,6.496956521739131,13.680434782608694,False
2025-12-14 02:00:00+03:00,10.32195652173913,6.496956521739131,False
2025-12-14 03:00:00+03:00,15.3,10.32195652173913,False
2025-12-14 04:00:00+03:00,3.483636363636364,15.3,False
2025-12-14 05:00:00+03:00,4.1105660377358495,3.483636363636364,False
2025-12-14 06:00:00+03:00,5.965199999999999,4.1105660377358495,False
2025-12-14 07:00:00+03:00,12.434000000000001,5.965199999999999,False
2025-12-14 08:00:00+03:00,27.806153846153848,12.434000000000001,False
2025-12-14 09:00:00+03:00,13.417741935483871,27.806153846153848,False
2025-12-14 10:00:00+03:00,14.956969696969697,13.417741935483871,False
2025-12-14 11:00:00+03:00,19.28027777777778,14.956969696969697,False
2025-12-14 12:00:00+03:00,14.132702702702701,19.28027777777778,False
2025-12-14 13:00:00+03:00,13.065681818181817,14.132702702702701,False
2025-12-14 14:00:00+03:00,11.796000000000001,13.065681818181817,False
2025-12-14 15:00:00+03:00,12.944705882352942,11.796000000000001,False
2025-12-14 16:00:00+03:00,14.67,12.944705882352942,False
2025-12-14 17:00:00+03:00,17.403076923076924,14.67,False
2025-12-14 18:00:00+03:00,13.358888888888888,17.403076923076924,False
2025-12-14 19:00:00+03:00,15.059032258064516,13.358888888888888,False
2025-12-14 20:00:00+03:00,20.738297872340425,15.059032258064516,False
2025-12-14 21:00:00+03:00,21.13818181818182,20.738297872340425,False
2025-12-14 22:00:00+03:00,25.627399999999998,21.13818181818182,False
2025-12-14 23:00:00+03:00,23.31403846153846,25.627399999999998,False
2025-12-15 00:00:00+03:00,22.167599999999997,23.31403846153846,False
2025-12-15 01:00:00+03:00,16.887173913043476,22.167599999999997,False
2025-12-15 02:00:00+03:00,17.336000000000002,16.887173913043476,False
2025-12-15 03:00:00+03:00,18.96188679245283,17.336000000000002,False
2025-12-15 04:00:00+03:00,10.333333333333334,18.96188679245283,False
2025-12-15 05:00:00+03:00,13.588235294117647,10.333333333333334,False
2025-12-15 06:00:00+03:00,30.43037037037037,13.588235294117647,False
2025-12-15 07:00:00+03:00,38.24290322580645,30.43037037037037,True
2025-12-15 08:00:00+03:00,27.71030303030303,38.24290322580645,False
2025-12-15 09:00:00+03:00,22.78918918918919,27.71030303030303,False
2025-12-15 10:00:00+03:00,17.88261904761905,22.78918918918919,False
2025-12-15 11:00:00+03:00,19.0488,17.88261904761905,False
2025-12-15 12:00:00+03:00,16.80666666666667,19.0488,False
2025-12-15 13:00:00+03:00,14.40225,16.80666666666667,False
2025-12-15 14:00:00+03:00,13.816216216216215,14.40225,False
2025-12-15 15:00:00+03:00,14.58375,13.816216216216215,False
2025-12-15 16:00:00+03:00,15.175882352941176,14.58375,False
2025-12-15 17:00:00+03:00,20.324838709677422,15.175882352941176,False
2025-12-15 18:00:00+03:00,21.846666666666668,20.324838709677422,False
2025-12-15 19:00:00+03:00,30.750943396226415,21.846666666666668,False
2025-12-15 20:00:00+03:00,36.1332,30.750943396226415,True
2025-12-15 21:00:00+03:00,34.90416666666667,36.1332,False
2025-12-15 22:00:00+03:00,37.800444444444445,34.90416666666667,True
2025-12-15 23:00:00+03:00,34.595510204081634,37.800444444444445,False
2025-12-16 00:00:00+03:00,25.77375,34.595510204081634,False
2025-12-16 01:00:00+03:00,19.379166666666666,25.77375,False
2025-12-16 02:00:00+03:00,16.985,19.379166666666666,False
2025-12-16 03:00:00+03:00,18.880851063829788,16.985,False
2025-12-16 04:00:00+03:00,25.43888888888889,18.880851063829788,False
2025-12-16 05:00:00+03:00,26.926,25.43888888888889,False
2025-12-16 06:00:00+03:00,28.8454347826087,26.926,False
2025-12-16 07:00:00+03:00,30.606060606060606,28.8454347826087,False
2025-12-16 08:00:00+03:00,25.42279069767442,30.606060606060606,False
2025-12-16 09:00:00+03:00,26.63684210526316,25.42279069767442,False
2025-12-16 10:00:00+03:00,29.012291666666666,26.63684210526316,False
2025-12-16 11:00:00+03:00,18.697499999999998,29.012291666666666,False
2025-12-16 12:00:00+03:00,14.090000000000002,18.697499999999998,False
2025-12-16 13:00:00+03:00,12.670588235294119,14.090000000000002,False
2025-12-16 14:00:00+03:00,13.350294117647058,12.670588235294119,False
2025-12-16 15:00:00+03:00,14.988888888888889,13.350294117647058,False
2025-12-16 16:00:00+03:00,19.44875,14.988888888888889,False
2025-12-16 17:00:00+03:00,27.416,19.44875,False
2025-12-16 18:00:00+03:00,19.7875,27.416,False
2025-12-16 19:00:00+03:00,27.069310344827585,19.7875,False
2025-12-16 20:00:00+03:00,34.965471698113205,27.069310344827585,False
2025-12-16 21:00:00+03:00,33.98020408163265,34.965471698113205,False
2025-12-16 22:00:00+03:00,40.08,33.98020408163265,True
2025-12-16 23:00:00+03:00,37.768431372549024,40.08,True
2025-12-17 00:00:00+03:00,30.51851063829787,37.768431372549024,False
2025-12-17 01:00:00+03:00,20.666666666666668,30.51851063829787,False
2025-12-17 02:00:00+03:00,21.193333333333335,20.666666666666668,False
2025-12-17 03:00:00+03:00,17.78642857142857,21.193333333333335,False
2025-12-17 04:00:00+03:00,15.463478260869564,17.78642857142857,False
2025-12-17 05:00:00+03:00,19.254814814814814,15.463478260869564,False
2025-12-17 06:00:00+03:00,30.95263157894737,19.254814814814814,False
2025-12-17 07:00:00+03:00,32.78179487179487,30.95263157894737,False
2025-12-17 08:00:00+03:00,25.084333333333333,32.78179487179487,False
2025-12-17 09:00:00+03:00,22.519318181818182,25.084333333333333,False
2025-12-17 10:00:00+03:00,19.19890909090909,22.519318181818182,False
2025-12-17 11:00:00+03:00,14.44719298245614,19.19890909090909,False
2025-12-17 12:00:00+03:00,14.921272727272726,14.44719298245614,False
2025-12-17 13:00:00+03:00,13.004651162790699,14.921272727272726,False
2025-12-17 14:00:00+03:00,11.775588235294117,13.004651162790699,False
2025-12-17 15:00:00+03:00,10.344848484848484,11.775588235294117,False
2025-12-17 16:00:00+03:00,10.758055555555556,10.344848484848484,False
2025-12-17 17:00:00+03:00,13.722926829268292,10.758055555555556,False
2025-12-17 18:00:00+03:00,17.363272727272726,13.722926829268292,False
2025-12-17 19:00:00+03:00,20.994754098360655,17.363272727272726,False
2025-12-17 20:00:00+03:00,28.604255319148937,20.994754098360655,False
2025-12-17 21:00:00+03:00,35.638958333333335,28.604255319148937,True
2025-12-17 22:00:00+03:00,32.70943396226415,35.638958333333335,False
2025-12-17 23:00:00+03:00,27.900377358490566,32.70943396226415,False
2025-12-18 00:00:00+03:00,28.410208333333333,27.900377358490566,False
2025-12-18 01:00:00+03:00,26.4118,28.410208333333333,False
2025-12-18 02:00:00+03:00,20.602608695652176,26.4118,False
2025-12-18 03:00:00+03:00,20.782352941176473,20.602608695652176,False
2025-12-18 04:00:00+03:00,22.629591836734694,20.782352941176473,False
2025-12-18 05:00:00+03:00,24.85843137254902,22.629591836734694,False
2025-12-18 06:00:00+03:00,28.9754,24.85843137254902,False
2025-12-18 07:00:00+03:00,33.35227272727273,28.9754,False
2025-12-18 08:00:00+03:00,30.09892857142857,33.35227272727273,False
2025-12-18 09:00:00+03:00,22.85657894736842,30.09892857142857,False
2025-12-18 10:00:00+03:00,20.0082,22.85657894736842,False
2025-12-18 11:00:00+03:00,15.26222222222222,20.0082,False
2025-12-18 12:00:00+03:00,15.733617021276595,15.26222222222222,False
2025-12-18 13:00:00+03:00,13.077272727272726,15.733617021276595,False
2025-12-18 14:00:00+03:00,16.929655172413792,13.077272727272726,False
2025-12-18 15:00:00+03:00,15.9375,16.929655172413792,False
2025-12-18 16:00:00+03:00,18.95862068965517,15.9375,False
2025-12-18 17:00:00+03:00,24.274,18.95862068965517,False
2025-12-18 18:00:00+03:00,19.51,24.274,False
2025-12-18 19:00:00+03:00,24.717692307692307,19.51,False
2025-12-18 20:00:00+03:00,30.3246,24.717692307692307,False
2025-12-18 21:00:00+03:00,30.51061224489796,30.3246,False
2025-12-18 22:00:00+03:00,32.39391304347826,30.51061224489796,False
2025-12-18 23:00:00+03:00,30.325849056603772,32.39391304347826,False
2025-12-19 00:00:00+03:00,27.92921568627451,30.325849056603772,False
2025-12-19 01:00:00+03:00,23.897954545454546,27.92921568627451,False
2025-12-19 02:00:00+03:00,24.172884615384614,23.897954545454546,False
2025-12-19 03:00:00+03:00,23.4978,24.172884615384614,False
2025-12-19 04:00:00+03:00,22.72,23.4978,False
2025-12-19 05:00:00+03:00,24.4,22.72,False
2025-12-19 06:00:00+03:00,32.336666666666666,24.4,False
2025-12-19 07:00:00+03:00,34.347857142857144,32.336666666666666,False
2025-12-19 08:00:00+03:00,29.095454545454547,34.347857142857144,False
2025-12-19 09:00:00+03:00,28.013333333333335,29.095454545454547,False
2025-12-19 10:00:00+03:00,28.04275,28.013333333333335,False
2025-12-19 11:00:00+03:00,19.982075471698113,28.04275,False
2025-12-19 12:00:00+03:00,16.783898305084747,19.982075471698113,False
2025-12-19 13:00:00+03:00,13.125555555555556,16.783898305084747,False
2025-12-19 14:00:00+03:00,11.606818181818182,13.125555555555556,False
2025-12-19 15:00:00+03:00,11.91406779661017,11.606818181818182,False
2025-12-19 16:00:00+03:00,13.181290322580645,11.91406779661017,False
2025-12-19 17:00:00+03:00,24.94,13.181290322580645,False
2025-12-19 18:00:00+03:00,23.865272727272725,24.94,False
2025-12-19 19:00:00+03:00,24.03388888888889,23.865272727272725,False
2025-12-19 20:00:00+03:00,25.75111111111111,24.03388888888889,False
2025-12-19 21:00:00+03:00,31.104716981132075,25.75111111111111,False
2025-12-19 22:00:00+03:00,26.321702127659574,31.104716981132075,False
2025-12-19 23:00:00+03:00,28.95369565217391,26.321702127659574,False
2025-12-20 00:00:00+03:00,31.862800000000004,28.95369565217391,False
2025-12-20 01:00:00+03:00,27.026808510638297,31.862800000000004,False
2025-12-20 02:00:00+03:00,25.611,27.026808510638297,False
2025-12-20 03:00:00+03:00,25.567291666666666,25.611,False
2025-12-20 04:00:00+03:00,25.14480769230769,25.567291666666666,False
2025-12-20 05:00:00+03:00,24.830392156862743,25.14480769230769,False
2025-12-20 06:00:00+03:00,30.14675675675676,24.830392156862743,False
2025-12-20 07:00:00+03:00,37.83235294117647,30.14675675675676,True
2025-12-20 08:00:00+03:00,32.48771428571428,37.83235294117647,False
2025-12-20 09:00:00+03:00,25.993617021276595,32.48771428571428,False
2025-12-20 10:00:00+03:00,21.292777777777776,25.993617021276595,False
2025-12-20 11:00:00+03:00,19.158214285714287,21.292777777777776,False
2025-12-20 12:00:00+03:00,16.927358490566036,19.158214285714287,False
2025-12-20 13:00:00+03:00,13.976833333333333,16.927358490566036,False
2025-12-20 14:00:00+03:00,14.189,13.976833333333333,False
2025-12-20 15:00:00+03:00,14.571250000000001,14.189,False
2025-12-20 16:00:00+03:00,16.440952380952382,14.571250000000001,False
2025-12-20 17:00:00+03:00,18.381851851851852,16.440952380952382,False
2025-12-20 18:00:00+03:00,22.2075,18.381851851851852,False
2025-12-20 19:00:00+03:00,18.83924528301887,22.2075,False
2025-12-20 20:00:00+03:00,21.211041666666667,18.83924528301887,False
2025-12-20 21:00:00+03:00,22.719622641509435,21.211041666666667,False
2025-12-20 22:00:00+03:00,28.442291666666666,22.719622641509435,False
2025-12-20 23:00:00+03:00,25.338474576271185,28.442291666666666,False
2025-12-21 00:00:00+03:00,22.72533333333333,25.338474576271185,False
2025-12-21 01:00:00+03:00,24.702978723404254,22.72533333333333,False
2025-12-21 02:00:00+03:00,24.211399999999998,24.702978723404254,False
2025-12-21 03:00:00+03:00,18.653846153846153,24.211399999999998,False
2025-12-21 04:00:00+03:00,12.470588235294118,18.653846153846153,False
2025-12-21 05:00:00+03:00,15.277777777777779,12.470588235294118,False
2025-12-21 06:00:00+03:00,25.8,15.277777777777779,False
2025-12-21 07:00:00+03:00,32.7316129032258,25.8,False
2025-12-21 08:00:00+03:00,31.8378125,32.7316129032258,False
2025-12-21 09:00:00+03:00,21.904137931034484,31.8378125,False
2025-12-21 10:00:00+03:00,16.587105263157895,21.904137931034484,False
2025-12-21 11:00:00+03:00,9.172,16.587105263157895,False
2025-12-21 12:00:00+03:00,9.189423076923077,9.172,False
2025-12-21 13:00:00+03:00,12.804400000000001,9.189423076923077,False
2025-12-21 14:00:00+03:00,15.982000000000001,12.804400000000001,False
2025-12-21 15:00:00+03:00,15.812195121951218,15.982000000000001,False
2025-12-21 16:00:00+03:00,19.924482758620687,15.812195121951218,False
2025-12-21 17:00:00+03:00,20.083939393939392,19.924482758620687,False
2025-12-21 18:00:00+03:00,22.8704,20.083939393939392,False
2025-12-21 19:00:00+03:00,22.6028813559322,22.8704,False
2025-12-21 20:00:00+03:00,31.186808510638297,22.6028813559322,False
2025-12-21 21:00:00+03:00,30.713541666666668,31.186808510638297,False
2025-12-21 22:00:00+03:00,24.68245283018868,30.713541666666668,False
2025-12-21 23:00:00+03:00,24.854807692307695,24.68245283018868,False
2025-12-22 00:00:00+03:00,23.495434782608694,24.854807692307695,False
2025-12-22 01:00:00+03:00,21.93767441860465,23.495434782608694,False
2025-12-22 02:00:00+03:00,23.127058823529413,21.93767441860465,False
2025-12-22 03:00:00+03:00,22.543333333333333,23.127058823529413,False
2025-12-22 04:00:00+03:00,23.307755102040815,22.543333333333333,False
2025-12-22 05:00:00+03:00,26.773333333333333,23.307755102040815,False
2025-12-22 06:00:00+03:00,30.18875,26.773333333333333,False
2025-12-22 07:00:00+03:00,39.54419354838709,30.18875,True
2025-12-22 08:00:00+03:00,35.986666666666665,39.54419354838709,True
2025-12-22 09:00:00+03:00,33.40382352941177,35.986666666666665,False
2025-12-22 10:00:00+03:00,27.101333333333333,33.40382352941177,False
2025-12-22 11:00:00+03:00,21.87690476190476,27.101333333333333,False
2025-12-22 12:00:00+03:00,17.851304347826087,21.87690476190476,False
2025-12-22 13:00:00+03:00,16.21511627906977,17.851304347826087,False
2025-12-22 14:00:00+03:00,14.778809523809525,16.21511627906977,False
2025-12-22 15:00:00+03:00,15.542093023255813,14.778809523809525,False
2025-12-22 16:00:00+03:00,15.91952380952381,15.542093023255813,False
2025-12-22 17:00:00+03:00,21.66548387096774,15.91952380952381,False
2025-12-22 18:00:00+03:00,22.44723404255319,21.66548387096774,False
2025-12-22 19:00:00+03:00,23.952903225806452,22.44723404255319,False
2025-12-22 20:00:00+03:00,33.971,23.952903225806452,False
2025-12-22 21:00:00+03:00,36.41720930232558,33.971,True
2025-12-22 22:00:00+03:00,33.02553191489362,36.41720930232558,False
2025-12-22 23:00:00+03:00,33.04979591836735,33.02553191489362,False
2025-12-23 00:00:00+03:00,33.97857142857143,33.04979591836735,False
2025-12-23 01:00:00+03:00,31.377454545454544,33.97857142857143,False
2025-12-23 02:00:00+03:00,28.504166666666666,31.377454545454544,False
2025-12-23 03:00:00+03:00,27.026097560975607,28.504166666666666,False
2025-12-23 04:00:00+03:00,21.333333333333332,27.026097560975607,False
2025-12-23 05:00:00+03:00,27.639285714285712,21.333333333333332,False
2025-12-23 06:00:00+03:00,34.81857142857143,27.639285714285712,False
2025-12-23 07:00:00+03:00,43.353846153846156,34.81857142857143,True
2025-12-23 08:00:00+03:00,39.63823529411765,43.353846153846156,True
2025-12-23 09:00:00+03:00,38.21727272727273,39.63823529411765,True
2025-12-23 10:00:00+03:00,26.980434782608693,38.21727272727273,False
2025-12-23 11:00:00+03:00,21.557234042553194,26.980434782608693,False
2025-12-23 12:00:00+03:00,20.612333333333332,21.557234042553194,False
2025-12-23 13:00:00+03:00,18.405365853658537,20.612333333333332,False
2025-12-23 14:00:00+03:00,17.291463414634148,18.405365853658537,False
2025-12-23 15:00:00+03:00,13.063636363636364,17.291463414634148,False
2025-12-23 16:00:00+03:00,17.537333333333333,13.063636363636364,False
2025-12-23 17:00:00+03:00,19.635,17.537333333333333,False
2025-12-23 18:00:00+03:00,18.090232558139533,19.635,False
2025-12-23 19:00:00+03:00,20.677678571428572,18.090232558139533,False
2025-12-23 20:00:00+03:00,29.37818181818182,20.677678571428572,False
2025-12-23 21:00:00+03:00,31.448936170212765,29.37818181818182,False
2025-12-23 22:00:00+03:00,32.25893617021277,31.448936170212765,False
2025-12-23 23:00:00+03:00,31.05377777777778,32.25893617021277,False
2025-12-24 00:00:00+03:00,28.776078431372547,31.05377777777778,False
2025-12-24 01:00:00+03:00,27.104468085106383,28.776078431372547,False
2025-12-24 02:00:00+03:00,27.132173913043477,27.104468085106383,False
2025-12-24 03:00:00+03:00,26.695833333333336,27.132173913043477,False
2025-12-24 04:00:00+03:00,26.61137254901961,26.695833333333336,False
2025-12-24 05:00:00+03:00,31.737407407407407,26.61137254901961,False
2025-12-24 06:00:00+03:00,31.915000000000003,31.737407407407407,False
2025-12-24 07:00:00+03:00,34.51925925925926,31.915000000000003,False
2025-12-24 08:00:00+03:00,28.646153846153847,34.51925925925926,False
2025-12-24 09:00:00+03:00,23.552083333333332,28.646153846153847,False
2025-12-24 10:00:00+03:00,19.456136363636364,23.552083333333332,False
2025-12-24 11:00:00+03:00,17.583333333333332,19.456136363636364,False
2025-12-24 12:00:00+03:00,20.357714285714284,17.583333333333332,False
2025-12-24 13:00:00+03:00,17.134848484848487,20.357714285714284,False
2025-12-24 14:00:00+03:00,16.599787234042555,17.134848484848487,False
2025-12-24 15:00:00+03:00,19.334883720930232,16.599787234042555,False
2025-12-24 16:00:00+03:00,14.17361111111111,19.334883720930232,False
2025-12-24 17:00:00+03:00,16.40655172413793,14.17361111111111,False
2025-12-24 18:00:00+03:00,17.496444444444446,16.40655172413793,False
2025-12-24 19:00:00+03:00,20.321636363636365,17.496444444444446,False
2025-12-24 20:00:00+03:00,25.54596153846154,20.321636363636365,False
2025-12-24 21:00:00+03:00,20.353617021276595,25.54596153846154,False
2025-12-24 22:00:00+03:00,19.580697674418605,20.353617021276595,False
2025-12-24 23:00:00+03:00,21.55727272727273,19.580697674418605,False
2025-12-25 00:00:00+03:00,21.511041666666667,21.55727272727273,False
2025-12-25 01:00:00+03:00,21.195853658536585,21.511041666666667,False
2025-12-25 02:00:00+03:00,19.91482142857143,21.195853658536585,False
2025-12-25 03:00:00+03:00,17.6246,19.91482142857143,False
2025-12-25 04:00:00+03:00,11.299999999999999,17.6246,False
2025-12-25 05:00:00+03:00,12.866666666666667,11.299999999999999,False
2025-12-25 06:00:00+03:00,26.844090909090912,12.866666666666667,False
2025-12-25 07:00:00+03:00,32.1951282051282,26.844090909090912,False
2025-12-25 08:00:00+03:00,22.580000000000002,32.1951282051282,False
2025-12-25 09:00:00+03:00,21.363235294117647,22.580000000000002,False
2025-12-25 10:00:00+03:00,19.2,21.363235294117647,False
2025-12-25 11:00:00+03:00,16.745892857142856,19.2,False
2025-12-25 12:00:00+03:00,19.469756097560975,16.745892857142856,False
2025-12-25 13:00:00+03:00,18.664358974358972,19.469756097560975,False
2025-12-25 14:00:00+03:00,16.555853658536584,18.664358974358972,False
2025-12-25 15:00:00+03:00,14.641578947368421,16.555853658536584,False
2025-12-25 16:00:00+03:00,15.774999999999999,14.641578947368421,False
2025-12-25 17:00:00+03:00,20.298387096774192,15.774999999999999,False
2025-12-25 18:00:00+03:00,20.032,20.298387096774192,False
2025-12-25 19:00:00+03:00,17.6175,20.032,False
2025-12-25 20:00:00+03:00,20.094,17.6175,False
2025-12-25 21:00:00+03:00,17.840816326530614,20.094,False
2025-12-25 22:00:00+03:00,18.247755102040816,17.840816326530614,False
2025-12-25 23:00:00+03:00,17.563,18.247755102040816,False
2025-12-26 00:00:00+03:00,17.42688888888889,17.563,False
2025-12-26 01:00:00+03:00,16.726444444444446,17.42688888888889,False
2025-12-26 02:00:00+03:00,15.833170731707316,16.726444444444446,False
2025-12-26 03:00:00+03:00,17.880208333333332,15.833170731707316,False
2025-12-26 04:00:00+03:00,16.770599999999998,17.880208333333332,False
2025-12-26 05:00:00+03:00,17.290980392156865,16.770599999999998,False
2025-12-26 06:00:00+03:00,19.987755102040815,17.290980392156865,False
2025-12-26 07:00:00+03:00,19.92775,19.987755102040815,False
2025-12-26 08:00:00+03:00,12.831388888888888,19.92775,False
2025-12-26 09:00:00+03:00,12.784242424242423,12.831388888888888,False
2025-12-26 10:00:00+03:00,15.519722222222223,12.784242424242423,False
2025-12-26 11:00:00+03:00,17.11060606060606,15.519722222222223,False
2025-12-26 12:00:00+03:00,15.756969696969698,17.11060606060606,False
2025-12-26 13:00:00+03:00,13.32488888888889,15.756969696969698,False
2025-12-26 14:00:00+03:00,10.828333333333333,13.32488888888889,False
2025-12-26 15:00:00+03:00,11.497111111111112,10.828333333333333,False
2025-12-26 16:00:00+03:00,14.933783783783783,11.497111111111112,False
2025-12-26 17:00:00+03:00,18.208064516129035,14.933783783783783,False
2025-12-26 18:00:00+03:00,15.8882,18.208064516129035,False
2025-12-26 19:00:00+03:00,16.194915254237287,15.8882,False
2025-12-26 20:00:00+03:00,20.364807692307693,16.194915254237287,False
2025-12-26 21:00:00+03:00,21.34326923076923,20.364807692307693,False
2025-12-26 22:00:00+03:00,25.232115384615383,21.34326923076923,False
2025-12-26 23:00:00+03:00,26.39,25.232115384615383,False
2025-12-27 00:00:00+03:00,26.70098039215686,26.39,False
2025-12-27 01:00:00+03:00,24.61854166666667,26.70098039215686,False
2025-12-27 02:00:00+03:00,22.852340425531914,24.61854166666667,False
2025-12-27 03:00:00+03:00,20.515510204081632,22.852340425531914,False
2025-12-27 04:00:00+03:00,16.043478260869566,20.515510204081632,False
2025-12-27 05:00:00+03:00,15.647058823529411,16.043478260869566,False
2025-12-27 06:00:00+03:00,18.214285714285715,15.647058823529411,False
2025-12-27 07:00:00+03:00,19.923571428571428,18.214285714285715,False
2025-12-27 08:00:00+03:00,22.78388888888889,19.923571428571428,False
2025-12-27 09:00:00+03:00,21.245714285714286,22.78388888888889,False
2025-12-27 10:00:00+03:00,20.60105263157895,21.245714285714286,False
2025-12-27 11:00:00+03:00,18.647560975609753,20.60105263157895,False
2025-12-27 12:00:00+03:00,22.872173913043476,18.647560975609753,False
2025-12-27 13:00:00+03:00,18.81590909090909,22.872173913043476,False
2025-12-27 14:00:00+03:00,17.00957446808511,18.81590909090909,False
2025-12-27 15:00:00+03:00,14.982564102564103,17.00957446808511,False
2025-12-27 16:00:00+03:00,17.285,14.982564102564103,False
2025-12-27 17:00:00+03:00,18.02586956521739,17.285,False
2025-12-27 18:00:00+03:00,17.968363636363637,18.02586956521739,False
2025-12-27 19:00:00+03:00,18.383333333333333,17.968363636363637,False
2025-12-27 20:00:00+03:00,19.471666666666664,18.383333333333333,False
2025-12-27 21:00:00+03:00,22.970612244897957,19.471666666666664,False
2025-12-27 22:00:00+03:00,23.73088888888889,22.970612244897957,False
2025-12-27 23:00:00+03:00,12.081555555555555,23.73088888888889,False
2025-12-28 00:00:00+03:00,12.310425531914895,12.081555555555555,False
2025-12-28 01:00:00+03:00,16.58529411764706,12.310425531914895,False
2025-12-28 02:00:00+03:00,15.984166666666667,16.58529411764706,False
2025-12-28 03:00:00+03:00,13.481020408163266,15.984166666666667,False
2025-12-28 04:00:00+03:00,7.493589743589744,13.481020408163266,False
2025-12-28 05:00:00+03:00,8.122142857142856,7.493589743589744,False
2025-12-28 06:00:00+03:00,11.540408163265306,8.122142857142856,False
2025-12-28 07:00:00+03:00,15.464722222222223,11.540408163265306,False
2025-12-28 08:00:00+03:00,13.875555555555556,15.464722222222223,False
2025-12-28 09:00:00+03:00,21.746969696969696,13.875555555555556,False
2025-12-28 10:00:00+03:00,18.356216216216215,21.746969696969696,False
2025-12-28 11:00:00+03:00,20.738,18.356216216216215,False
2025-12-28 12:00:00+03:00,18.755806451612905,20.738,False
2025-12-28 13:00:00+03:00,10.067941176470589,18.755806451612905,False
2025-12-28 14:00:00+03:00,14.644285714285713,10.067941176470589,False
2025-12-28 15:00:00+03:00,14.001851851851852,14.644285714285713,False
2025-12-28 16:00:00+03:00,10.396363636363636,14.001851851851852,False
2025-12-28 17:00:00+03:00,11.560384615384615,10.396363636363636,False
2025-12-28 18:00:00+03:00,13.257272727272726,11.560384615384615,False
2025-12-28 19:00:00+03:00,16.78186440677966,13.257272727272726,False
2025-12-28 20:00:00+03:00,20.311632653061224,16.78186440677966,False
2025-12-28 21:00:00+03:00,19.08191489361702,20.311632653061224,False
2025-12-28 22:00:00+03:00,15.935357142857143,19.08191489361702,False
2025-12-28 23:00:00+03:00,9.1408,15.935357142857143,False
2025-12-29 00:00:00+03:00,12.487608695652172,9.1408,False
2025-12-29 01:00:00+03:00,23.161923076923078,12.487608695652172,False
2025-12-29 02:00:00+03:00,34.71192307692308,23.161923076923078,False
2025-12-29 03:00:00+03:00,36.52395833333333,34.71192307692308,True
2025-12-29 04:00:00+03:00,25.0,36.52395833333333,False
2025-12-29 05:00:00+03:00,24.533529411764704,25.0,False
2025-12-29 06:00:00+03:00,44.65243902439025,24.533529411764704,True
2025-12-29 07:00:00+03:00,46.61941176470588,44.65243902439025,True
2025-12-29 08:00:00+03:00,37.58552631578947,46.61941176470588,True
2025-12-29 09:00:00+03:00,22.085714285714285,37.58552631578947,False
2025-12-29 10:00:00+03:00,14.495813953488371,22.085714285714285,False
2025-12-29 11:00:00+03:00,10.827857142857143,14.495813953488371,False
2025-12-29 12:00:00+03:00,10.659024390243902,10.827857142857143,False
2025-12-29 13:00:00+03:00,11.739999999999998,10.659024390243902,False
2025-12-29 14:00:00+03:00,14.562340425531916,11.739999999999998,False
2025-12-29 15:00:00+03:00,13.096904761904764,14.562340425531916,False
2025-12-29 16:00:00+03:00,16.24969696969697,13.096904761904764,False
2025-12-29 17:00:00+03:00,11.092857142857143,16.24969696969697,False
2025-12-29 18:00:00+03:00,18.638703703703705,11.092857142857143,False
2025-12-29 19:00:00+03:00,29.515961538461536,18.638703703703705,False
2025-12-29 20:00:00+03:00,34.575625,29.515961538461536,False
2025-12-29 21:00:00+03:00,44.343,34.575625,True
2025-12-29 22:00:00+03:00,35.41276595744681,44.343,True
2025-12-29 23:00:00+03:00,47.37863636363636,35.41276595744681,True
2025-12-30 00:00:00+03:00,36.625744680851064,47.37863636363636,True
2025-12-30 01:00:00+03:00,33.245714285714286,36.625744680851064,False
2025-12-30 02:00:00+03:00,29.996923076923075,33.245714285714286,False
2025-12-30 03:00:00+03:00,22.879183673469385,29.996923076923075,False
2025-12-30 04:00:00+03:00,18.945625,22.879183673469385,False
2025-12-30 05:00:00+03:00,25.56382978723404,18.945625,False
2025-12-30 06:00:00+03:00,37.13212765957447,25.56382978723404,True
2025-12-30 07:00:00+03:00,43.51827586206896,37.13212765957447,True
2025-12-30 08:00:00+03:00,39.843636363636364,43.51827586206896,True
2025-12-30 09:00:00+03:00,24.427692307692308,39.843636363636364,False
2025-12-30 10:00:00+03:00,16.152037037037037,24.427692307692308,False
2025-12-30 11:00:00+03:00,15.474736842105262,16.152037037037037,False
2025-12-30 12:00:00+03:00,13.228181818181817,15.474736842105262,False
2025-12-30 13:00:00+03:00,12.95860465116279,13.228181818181817,False
2025-12-30 14:00:00+03:00,15.534285714285716,12.95860465116279,False
2025-12-30 15:00:00+03:00,15.151458333333332,15.534285714285716,False
2025-12-30 16:00:00+03:00,18.975526315789477,15.151458333333332,False
2025-12-30 17:00:00+03:00,23.4374358974359,18.975526315789477,False
2025-12-30 18:00:00+03:00,18.739285714285717,23.4374358974359,False
2025-12-30 19:00:00+03:00,26.263103448275864,18.739285714285717,False
2025-12-30 20:00:00+03:00,35.47952380952381,26.263103448275864,True
2025-12-30 21:00:00+03:00,27.614468085106385,35.47952380952381,False
2025-12-30 22:00:00+03:00,25.392000000000003,27.614468085106385,False
2025-12-30 23:00:00+03:00,17.106399999999997,25.392000000000003,False
2025-12-31 00:00:00+03:00,17.954901960784316,17.106399999999997,False
2025-12-31 01:00:00+03:00,19.19723404255319,17.954901960784316,False
2025-12-31 02:00:00+03:00,29.292558139534883,19.19723404255319,False
2025-12-31 03:00:00+03:00,36.535714285714285,29.292558139534883,True
2025-12-31 04:00:00+03:00,24.47826086956522,36.535714285714285,False
2025-12-31 05:00:00+03:00,12.357142857142858,24.47826086956522,False
2025-12-31 06:00:00+03:00,27.65625,12.357142857142858,False
2025-12-31 07:00:00+03:00,23.64322580645161,27.65625,False
2025-12-31 08:00:00+03:00,19.934242424242427,23.64322580645161,False
2025-12-31 09:00:00+03:00,23.765,19.934242424242427,False
2025-12-31 10:00:00+03:00,21.5046875,23.765,False
2025-12-31 11:00:00+03:00,19.109411764705882,21.5046875,False
2025-12-31 12:00:00+03:00,15.969069767441859,19.109411764705882,False
2025-12-31 13:00:00+03:00,16.709302325581394,15.969069767441859,False
2025-12-31 14:00:00+03:00,13.362727272727273,16.709302325581394,False
2025-12-31 15:00:00+03:00,12.81264705882353,13.362727272727273,False
2025-12-31 16:00:00+03:00,13.997777777777777,12.81264705882353,False
2025-12-31 17:00:00+03:00,17.766153846153845,13.997777777777777,False
2025-12-31 18:00:00+03:00,19.46808510638298,17.766153846153845,False
2025-12-31 19:00:00+03:00,22.58046875,19.46808510638298,False
2025-12-31 20:00:00+03:00,30.494888888888887,22.58046875,False
2025-12-31 21:00:00+03:00,38.38818181818181,30.494888888888887,True
2025-12-31 22:00:00+03:00,38.75217391304348,38.38818181818181,True
2025-12-31 23:00:00+03:00,42.95811320754717,38.75217391304348,True
2026-01-01 00:00:00+03:00,49.36584905660377,42.95811320754717,True
2026-01-01 01:00:00+03:00,31.364897959183676,49.36584905660377,False
2026-01-01 02:00:00+03:00,29.101960784313725,31.364897959183676,False
